uid,isFaculty,fines,borrowedBooks,overdueBooks,borrowingHistory
studentdie,false,0.000000,978-0133594140,,978-1491903995|978-1491904243
faculty101,true,0.000000,978-0321563842,978-0321563842,978-0132350884|978-1491903995|978-0321563842
faculty202,true,0.0,978-0132350884|978-0321714114,978-0201633610,978-1491903995
libadmin,true,0.0,,,
student007,false,50.0,978-0735619678,978-0262510875,978-0201616224|978-0133591620
studentX,false,10.0,978-0201616224,,978-0262033848
prof123,true,0.0,978-0262033848,,978-0262510875|978-0133594140
