uid,isFaculty,fines,borrowedBooks,overdueBooks,borrowingHistory
studentdie,false,0.000000,,,000103|000004|000103
faculty101,true,0.000000,000005,,000002|000004|000005
faculty202,true,0.0,000002,000003,000004
libadmin,true,0.0,,,
student007,false,50.0,000008,000010,000012
studentX,false,10.0,000007,,000006
prof123,true,0.0,000006,,000010|000011
ashiks23,false,0.0,,,
2255,false,0.000000,,,000001
admin123,true,0.0,,,
2266,false,0.0,,,
2277,false,0.0,,,
